Initiale,Unicode code point,country,GunDeathsAllCausesTotal2019,totalRate,shareOfDeaths,GunDeathsViolentTotal2019,GunDeathsViolentPct2019,GunDeathsViolentRatePer100k2019,gunViolenceByCountry_suicidesPer100k,gunOwnershipByCountry_firearms,gunOwnershipByCountry_per100,gunOwnershipByCountry_military,gunOwnershipByCountry_lawEnf,population
🇦🇫,U+1F1E6  U+1F1EB,Afghanistan,621.0,1.431767956756457,0.248893805309734,434.0,0.17,1.13,1.0,4270000,12.5,331170.0,239000.0,43372950.00000002
🇦🇱,U+1F1E6  U+1F1F1,Albania,70.0,2.476981762337138,0.028055662434269,40.0,0.18,1.47,1.0,350000,12.0,21750.0,19000.0,2826020.0000000005
🇩🇿,U+1F1E9  U+1F1FF,Algeria,254.0,0.548848001537465,0.101801975118635,135.0,0.07,0.32,0.0,877000,2.1,637720.0,363000.0,46278751.00000007
🇦🇸,U+1F1E6  U+1F1F8,American Samoa,0.0,,,0.0,0.06,0.42,0.0,400,0.7000000000000001,,90.0,
🇦🇩,U+1F1E6  U+1F1E9,Andorra,1.0,1.244694489737493,0.000400795177632,0.0,0.01,0.09,0.0,10000,14.1,,976.0,80341.00000000006
🇦🇴,U+1F1E6  U+1F1F4,Angola,417.0,1.103039378717434,0.16713158907272,161.0,0.09,0.53,0.0,2982000,11.2,203300.0,60000.0,37804634.000000015
🇦🇬,U+1F1E6  U+1F1EC,Antigua and Barbuda,6.0,6.328045899426257,0.002404771065794,2.0,0.3,2.04,0.0,5000,5.4,438.0,800.0,94816.0
🇦🇷,U+1F1E6  U+1F1F7,Argentina,3309.0,7.184440547028384,1.3262312427856862,1709.0,0.49,3.79,2.0,3256000,7.4,679770.0,391000.0,46057866.0
🇦🇲,U+1F1E6  U+1F1F2,Armenia,51.0,1.83586700979381,0.020440554059253,21.0,0.07,0.68,0.0,186000,6.1,509240.0,18000.0,2777979.0000000005
🇦🇺,U+1F1E6  U+1F1FA,Australia,240.0,0.8988938437082781,0.096190842631781,45.0,0.03,0.18,0.0,3573000,14.5,214520.0,69000.0,26699482.00000002
🇦🇹,U+1F1E6  U+1F1F9,Austria,237.0,2.640039326560499,0.094988457098884,13.0,0.02,0.15,1.0,2577000,30.0,240880.0,37900.0,8977139.000000004
🇦🇿,U+1F1E6  U+1F1FF,Azerbaijan,56.0,0.535224255139873,0.022444529947415,29.0,0.04,0.28,0.0,362000,3.6,537920.0,18000.0,10462904.000000004
🇧🇸,U+1F1E7  U+1F1F8,Bahamas,82.0,19.748424340655504,0.032865204565858,81.0,2.97,21.52,0.0,74000,18.8,2470.0,5000.0,415223.00000000006
🇧🇭,U+1F1E7  U+1F1ED,Bahrain,9.0,0.600515642765254,0.003607156598691,6.0,0.15,0.43,0.0,181000,12.8,25796.0,20000.0,1498712.000000001
🇧🇩,U+1F1E7  U+1F1E9,Bangladesh,1580.0,0.9044012866058492,0.6332563806592281,1235.0,0.15,0.78,0.0,659000,0.4,410305.0,333000.0,174701211.0000001
🇧🇧,U+1F1E7  U+1F1E7,Barbados,15.0,5.313326886496711,0.006011927664486,12.0,0.4,4.19,0.0,10000,3.5,1675.0,2000.0,282309.0
🇧🇾,U+1F1E7  U+1F1FE,Belarus,108.0,1.142248306378917,0.043285879184301,45.0,0.04,0.48,0.0,581000,6.1,780600.0,165000.0,9455037.000000004
🇧🇪,U+1F1E7  U+1F1EA,Belgium,228.0,1.9460942145179647,0.091381300500192,41.0,0.04,0.36,1.0,1451000,12.7,80880.0,78000.0,11715774.0
🇧🇿,U+1F1E7  U+1F1FF,Belize,82.0,19.680503820897812,0.032865204565858,67.0,3.34,16.22,0.0,37000,10.0,3690.0,2000.0,416656.0
🇧🇯,U+1F1E7  U+1F1EF,Benin,424.0,3.011348237423786,0.169937155316147,275.0,0.29,2.17,1.0,33000,0.3,8700.0,26000.0,14080072.000000002
🇧🇲,U+1F1E7  U+1F1F2,Bermuda,1.0,1.564088527410651,0.000400795177632,1.0,0.16,1.42,0.0,3000,4.6,,500.0,63935.00000000002
🇧🇹,U+1F1E7  U+1F1F9,Bhutan,4.0,0.5048070248945581,0.001603180710529,1.0,0.02,0.11,0.0,6000,0.8,15200.0,4000.0,792382.0000000006
🇧🇴,U+1F1E7  U+1F1F4,Bolivia,452.0,3.596625410508639,0.181159420289855,306.0,0.4,2.54,0.0,218000,2.0,87590.0,42000.0,12567336.0
🇧🇦,U+1F1E7  U+1F1E6,Bosnia and Herzegovina,37.0,1.158284961892425,0.014829421572399,9.0,0.02,0.27,0.0,1185000,31.2,27300.0,29000.0,3194377.9999999995
🇧🇼,U+1F1E7  U+1F1FC,Botswana,121.0,4.449029927631565,0.048496216493523,88.0,0.41,3.76,1.0,97000,4.1,17100.0,11000.0,2719694.0
🇧🇷,U+1F1E7  U+1F1F7,Brazil,49437.0,22.715316116060748,19.81411119661408,47510.0,3.37,21.93,0.0,17510000,8.3,1316300.0,803000.0,217637297.00000003
🇧🇳,U+1F1E7  U+1F1F3,Brunei,0.0,,,0.0,0.02,0.08,0.0,6000,1.4,20220.0,4000.0,
🇧🇬,U+1F1E7  U+1F1EC,Bulgaria,121.0,1.828177043082276,0.048496216493523,40.0,0.03,0.5700000000000001,0.0,590000,8.4,176640.0,59400.0,6618615.000000001
🇧🇫,U+1F1E7  U+1F1EB,Burkina Faso,992.0,4.161030714153255,0.397588816211363,682.0,0.34,3.01,1.0,175000,0.9,43780.0,43000.0,23840247.000000004
🇧🇮,U+1F1E7  U+1F1EE,Burundi,222.0,1.633354932367702,0.088976529434397,31.0,0.04,0.26,1.0,238000,2.0,75960.0,24278.0,13591656.999999998
🇰🇭,U+1F1F0  U+1F1ED,Cambodia,200.0,1.168098278182254,0.080159035526484,163.0,0.15,0.98,0.0,717000,4.5,258670.0,64000.0,17121847.000000007
🇨🇲,U+1F1E8  U+1F1F2,Cameroon,589.0,2.003780783932794,0.236068359625497,288.0,0.14,0.99,1.0,510000,2.1,27360.0,15000.0,29394433.000000004
🇨🇦,U+1F1E8  U+1F1E6,Canada,875.0,2.237448463890624,0.350695780428369,170.0,0.06,0.47,1.0,12708000,34.7,233949.0,103000.0,39107046.00000001
🇨🇻,U+1F1E8  U+1F1FB,Cape Verde,41.0,6.782902453590885,0.016432602282929,34.0,0.98,6.11,1.0,31000,5.7,,19000.0,604461.0
🇨🇫,U+1F1E8  U+1F1EB,Central African Republic,187.0,3.161118846742703,0.074948698217263,59.0,0.09,1.12,1.0,94000,1.8,8580.0,10000.0,5915627.000000001
🇹🇩,U+1F1F9  U+1F1E9,Chad,623.0,3.305539915110763,0.249695395664999,380.0,0.24,2.32,1.0,151000,1.0,25020.0,34000.0,18847148.000000004
🇨🇱,U+1F1E8  U+1F1F1,Chile,503.0,2.5586455029211037,0.201599974349108,345.0,0.31,1.9,0.0,2220000,12.1,311900.0,66000.0,19658839.0
🇨🇳,U+1F1E8  U+1F1F3,China,1126.0,0.079007631479037,0.451295370014107,334.0,0.0,0.02,0.0,49735000,3.6,27466400.0,1971000.0,1425178782.000015
🇨🇴,U+1F1E8  U+1F1F4,Colombia,13171.0,25.163938156512547,5.278873284596639,12596.0,5.1,26.36,1.0,4971000,10.1,350689.0,283000.0,52340774.00000001
🇰🇲,U+1F1F0  U+1F1F2,Comoros,30.0,3.45779473377862,0.012023855328972,21.0,0.43,2.99,1.0,12000,1.5,600.0,2000.0,867605.0000000002
🇨🇬,U+1F1E8  U+1F1EC,Republic of the Congo,90.0,1.441257468315956,0.036071565986918,43.0,0.12,0.8200000000000001,0.0,119000,2.4,12000.0,11000.0,6244547.000000002
🇨🇩,U+1F1E8  U+1F1E9,DR Congo,1325.0,1.254436515921772,0.5310536103629601,382.0,0.07,0.44,0.0,946000,1.2,161100.0,46000.0,105625114.0
🇨🇷,U+1F1E8  U+1F1F7,Costa Rica,420.0,8.005010374112254,0.168333974605617,355.0,1.45,7.52,1.0,493000,10.0,,17000.0,5246713.999999999
🇭🇷,U+1F1ED  U+1F1F7,Croatia,98.0,2.458218438795503,0.039277927407977,16.0,0.03,0.37,2.0,576000,13.7,75120.0,39000.0,3986627.0
🇨🇺,U+1F1E8  U+1F1FA,Cuba,79.0,0.7069612505589691,0.031662819032961,32.0,0.03,0.28,0.0,234000,2.1,958100.0,42000.0,11174587.000000002
🇨🇾,U+1F1E8  U+1F1FE,Cyprus,19.0,1.49787105222288,0.007615108375016,8.0,0.09,0.63,0.0,285000,34.0,99000.0,11000.0,1268467.0
🇩🇰,U+1F1E9  U+1F1F0,Denmark,64.0,1.077496403434856,0.025650891368475,8.0,0.01,0.14,1.0,567000,9.9,124120.0,20000.0,5939695.000000003
🇩🇯,U+1F1E9  U+1F1EF,Djibouti,51.0,4.425819362352245,0.020440554059253,38.0,0.5,3.16,0.0,28000,3.1,19855.0,5000.0,1152329.0
🇩🇲,U+1F1E9  U+1F1F2,Dominica,2.0,2.725984080252971,0.000801590355264,2.0,0.33,3.59,0.0,5000,6.2,,600.0,73368.00000000001
🇩🇴,U+1F1E9  U+1F1F4,Dominican Republic,1525.0,13.33740889565817,0.611212645889444,1288.0,1.82,11.84,0.0,795000,7.4,106495.0,46000.0,11434005.0
🇪🇨,U+1F1EA  U+1F1E8,Ecuador,1127.0,6.132543361625199,0.45169616519174,989.0,1.07,5.62,0.0,402000,2.4,253668.0,41000.0,18377367.0
🇪🇬,U+1F1EA  U+1F1EC,Egypt,816.0,0.712761786660404,0.327048864948056,367.0,0.07,0.37,0.0,3931000,4.1,1544750.0,1530000.0,114484252.0000001
🇸🇻,U+1F1F8  U+1F1FB,El Salvador,2314.0,36.17722713904891,0.927440041041426,2301.0,5.72,36.78,0.0,737000,12.0,127840.0,30000.0,6396288.999999999
🇬🇶,U+1F1EC  U+1F1F6,Equatorial Guinea,15.0,0.85470426377769,0.006011927664486,9.0,0.12,0.62,0.0,112000,12.5,2760.0,2000.0,1754993.0000000002
🇪🇷,U+1F1EA  U+1F1F7,Eritrea,354.0,9.27271769996786,0.141881492881877,241.0,0.55,3.6,1.0,23000,0.4,668550.0,12000.0,3817651.0
🇪🇪,U+1F1EA  U+1F1EA,Estonia,17.0,1.288815131599396,0.006813518019751,4.0,0.02,0.28,1.0,65000,5.0,38760.0,18000.0,1319041.0000000007
🇪🇹,U+1F1EA  U+1F1F9,Ethiopia,3712.0,2.86155414813996,1.487751699371553,2293.0,0.41,2.13,1.0,377000,0.4,525600.0,79000.0,129719719.0
🇫🇯,U+1F1EB  U+1F1EF,Fiji,1.0,0.106036442604594,0.000400795177632,1.0,0.02,0.15,0.0,5000,0.5,16700.0,2000.0,943072.0000000028
🇫🇮,U+1F1EB  U+1F1EE,Finland,161.0,2.900960488197415,0.06452802359882,12.0,0.02,0.22,2.0,1793000,32.4,475030.0,14000.0,5549886.000000001
🇫🇷,U+1F1EB  U+1F1F7,France,2097.0,3.232029676105004,0.8404674874951901,222.0,0.04,0.34,2.0,12732000,19.6,566430.0,497000.0,64881830.00000002
🇬🇦,U+1F1EC  U+1F1E6,Gabon,28.0,1.126961466370061,0.011222264973707,14.0,0.12,0.78,0.0,61000,3.4,5640.0,4000.0,2484557.0000000005
🇬🇲,U+1F1EC  U+1F1F2,Gambia,30.0,1.05566782778398,0.012023855328972,5.0,0.04,0.22,1.0,137000,6.5,1080.0,5000.0,2841803.0000000023
🇬🇪,U+1F1EC  U+1F1EA,Georgia,103.0,2.770735119067634,0.041281903296139,46.0,0.09,1.25,0.0,402000,10.1,63950.0,41000.0,3717425.0
🇩🇪,U+1F1E9  U+1F1EA,Germany,1020.0,1.2251888154098571,0.408811081185071,84.0,0.01,0.1,0.0,15822000,19.6,483016.0,466000.0,83252474.00000004
🇬🇭,U+1F1EC  U+1F1ED,Ghana,478.0,1.374451003150828,0.191580094908298,229.0,0.11,0.73,0.0,2280000,8.0,18600.0,28000.0,34777522.00000001
🇬🇷,U+1F1EC  U+1F1F7,Greece,148.0,1.436513852652503,0.059317686289598,41.0,0.03,0.39,0.0,1920000,17.6,642510.0,99000.0,10302720.000000004
🇬🇱,U+1F1EC  U+1F1F1,Greenland,10.0,17.609044005000968,0.004007951776324,1.0,0.25,2.18,22.0,13000,22.3,,300.0,56789.0
🇬🇩,U+1F1EC  U+1F1E9,Grenada,2.0,1.576205600258497,0.000801590355264,1.0,0.09,0.72,0.0,5000,4.6,,1000.0,126887.00000000006
🇬🇺,U+1F1EC  U+1F1FA,Guam,4.0,2.297345417370228,0.001603180710529,1.0,0.09,0.5700000000000001,1.0,20000,11.5,,500.0,174114.00000000003
🇬🇹,U+1F1EC  U+1F1F9,Guatemala,5981.0,32.57903862149432,2.3971559574195203,5165.0,5.45,29.06,0.0,2062000,12.1,160600.0,43000.0,18358430.0
🇬🇳,U+1F1EC  U+1F1F3,Guinea,477.0,3.283140967886476,0.191179299730665,283.0,0.25,2.24,1.0,130000,1.0,23080.0,13000.0,14528770.0
🇬🇼,U+1F1EC  U+1F1FC,Guinea-Bissau,87.0,3.95967683575397,0.03486918045402,55.0,0.37,2.89,2.0,29000,1.5,10260.0,4000.0,2197149.0000000005
🇬🇾,U+1F1EC  U+1F1FE,Guyana,92.0,11.22506997366989,0.036873156342182,84.0,1.26,10.94,0.0,122000,15.8,10890.0,4000.0,819594.0
🇭🇹,U+1F1ED  U+1F1F9,Haiti,1975.0,16.6427488596557,0.7915704758240341,1268.0,1.27,10.22,0.0,291000,2.6,380.0,15000.0,11867030.000000002
🇭🇳,U+1F1ED  U+1F1F3,Honduras,2092.0,19.443452547473346,0.838463511607028,1978.0,3.73,20.15,0.0,1171000,14.1,107720.0,29000.0,10759406.0
🇭🇺,U+1F1ED  U+1F1FA,Hungary,57.0,0.570285541970864,0.022845325125048,7.0,0.01,0.07,0.0,1023000,10.5,147880.0,17000.0,9994993.000000011
🇮🇸,U+1F1EE  U+1F1F8,Iceland,4.0,1.05907241142845,0.001603180710529,0.0,0.01,0.06,1.0,106000,31.7,650.0,590.0,377689.0000000002
🇮🇳,U+1F1EE  U+1F1F3,India,14711.0,1.020378541614199,5.896097858150571,7977.0,0.08,0.5700000000000001,1.0,71101000,5.3,3900000.0,1700000.0,1441719852.0000012
🇮🇩,U+1F1EE  U+1F1E9,Indonesia,439.0,0.156898878161941,0.175949082980633,153.0,0.01,0.06,0.0,82000,0.0,1711450.0,429000.0,279798049.00000125
🇮🇷,U+1F1EE  U+1F1F7,Iran,873.0,0.972054480346634,0.349894190073105,525.0,0.13,0.62,0.0,5890000,7.3,3333550.0,98000.0,89809780.99999999
🇮🇶,U+1F1EE  U+1F1F6,Iraq,4424.0,9.509140693733512,1.7731178658458382,2649.0,1.47,6.29,1.0,7588000,19.6,611000.0,56000.0,46523657.0
🇮🇪,U+1F1EE  U+1F1EA,Ireland,29.0,0.569803032845411,0.01162306015134,9.0,0.03,0.18,0.0,342000,7.2,26636.0,3000.0,5089478.000000006
🇮🇱,U+1F1EE  U+1F1F1,Israel,201.0,2.158585823439278,0.080559830704116,95.0,0.2,1.02,1.0,557000,6.7,1016900.0,41000.0,9311652.0
🇮🇹,U+1F1EE  U+1F1F9,Italy,797.0,1.357803461748036,0.31943375657304,225.0,0.03,0.37,0.0,8609000,14.4,502960.0,273000.0,58697744.0
🇯🇲,U+1F1EF  U+1F1F2,Jamaica,397.0,14.054400797525291,0.159115685520071,308.0,1.56,10.97,0.0,246000,8.8,8681.0,12000.0,2824738.0
🇯🇵,U+1F1EF  U+1F1F5,Japan,100.0,0.081545162091885,0.040079517763242,27.0,0.0,0.02,0.0,377000,0.3,745514.0,252000.0,122631432.00000031
🇯🇴,U+1F1EF  U+1F1F4,Jordan,195.0,1.712791708190886,0.078155059638322,177.0,0.55,1.52,0.0,1473000,18.7,286450.0,60000.0,11384922.0
🇰🇿,U+1F1F0  U+1F1FF,Kazakhstan,209.0,1.054056187246777,0.083766192125176,107.0,0.08,0.58,0.0,504000,2.8,375690.0,65000.0,19828165.000000007
🇰🇪,U+1F1F0  U+1F1EA,Kenya,2098.0,3.732894827912303,0.8408682826728221,1533.0,0.52,3.05,0.0,750000,1.5,45790.0,51527.0,56203030.0
🇰🇮,U+1F1F0  U+1F1EE,Kiribati,0.0,,,0.0,0.04,0.38,0.0,900,0.8,,200.0,
🇰🇵,U+1F1F0  U+1F1F5,North Korea,93.0,0.35435885395317,0.037273951519815,36.0,0.02,0.14,0.0,76000,0.3,8363100.0,76000.0,26244582.00000001
🇰🇷,U+1F1F0  U+1F1F7,South Korea,44.0,0.085037361261303,0.017634987815826,13.0,0.0,0.02,0.0,79000,0.2,2688020.0,115000.0,51741963.00000031
🇰🇼,U+1F1F0  U+1F1FC,Kuwait,19.0,0.436843872000147,0.007615108375016,15.0,0.15,0.34,0.0,685000,16.7,82580.0,11000.0,4349380.000000002
🇰🇬,U+1F1F0  U+1F1EC,Kyrgyzstan,45.0,0.657932635300922,0.018035782993459,26.0,0.08,0.4,0.0,171000,2.8,145010.0,18000.0,6839606.000000002
🇱🇦,U+1F1F1  U+1F1E6,Laos,192.0,2.481684329494779,0.076952674105425,175.0,0.39,2.45,0.0,215000,3.0,224690.0,21000.0,7736681.000000002
🇱🇻,U+1F1F1  U+1F1FB,Latvia,26.0,1.43627364327382,0.010420674618442,8.0,0.03,0.43,1.0,205000,10.5,27936.0,17000.0,1810240.0
🇱🇧,U+1F1F1  U+1F1E7,Lebanon,82.0,1.571168972708411,0.032865204565858,70.0,0.21,1.35,0.0,1927000,31.9,130150.0,41000.0,5219044.000000003
🇱🇸,U+1F1F1  U+1F1F8,Lesotho,181.0,7.682242094187683,0.072543927151468,116.0,0.36,5.54,2.0,105000,4.8,2400.0,5000.0,2356083.0000000005
🇱🇷,U+1F1F1  U+1F1F7,Liberia,93.0,1.679625367688956,0.037273951519815,40.0,0.13,0.8300000000000001,1.0,97000,2.1,2520.0,5000.0,5536949.000000001
🇱🇾,U+1F1F1  U+1F1FE,Libya,70.0,1.00514100907829,0.028055662434269,46.0,0.15,0.68,0.0,851000,13.3,,,6964197.0
🇱🇹,U+1F1F1  U+1F1F9,Lithuania,28.0,1.039810635628814,0.011222264973707,9.0,0.02,0.3,0.0,385000,13.6,81240.0,17000.0,2692798.0000000014
🇱🇺,U+1F1F1  U+1F1FA,Luxembourg,7.0,1.058050707835923,0.002805566243426,1.0,0.03,0.23,1.0,110000,18.9,2340.0,5000.0,661594.0000000003
🇲🇬,U+1F1F2  U+1F1EC,Madagascar,447.0,1.439307123346688,0.179155444401692,109.0,0.1,0.59,1.0,168000,0.7000000000000001,25320.0,20000.0,31056610.00000001
🇲🇼,U+1F1F2  U+1F1FC,Malawi,318.0,1.480725287183875,0.12745286648711,,0.09,0.59,1.0,47000,0.3,24480.0,8400.0,21475962.00000001
🇲🇾,U+1F1F2  U+1F1FE,Malaysia,179.0,0.51626829165236,0.071742336796203,122.0,0.07,0.39,0.0,217000,0.7000000000000001,428170.0,102000.0,34671894.99999999
🇲🇻,U+1F1F2  U+1F1FB,Maldives,1.0,0.193092315505119,0.000400795177632,1.0,0.06,0.18,0.0,23000,6.2,9500.0,3000.0,517887.0000000022
🇲🇱,U+1F1F2  U+1F1F1,Mali,1105.0,4.601139691891864,0.442878671283827,841.0,0.42,3.83,1.0,206000,1.1,15800.0,3000.0,24015789.0
🇲🇹,U+1F1F2  U+1F1F9,Malta,5.0,0.93154972612438,0.002003975888162,2.0,0.06,0.48,0.0,119000,28.3,5547.0,1637.0,536740.0000000002
🇲🇭,U+1F1F2  U+1F1ED,Marshall Islands,2.0,4.715312978898974,0.000801590355264,1.0,0.15,1.09,1.0,300,0.5,,80.0,42415.0
🇲🇷,U+1F1F2  U+1F1F7,Mauritania,89.0,1.7821664014776362,0.035670770809285,63.0,0.3,1.57,0.0,120000,2.8,22820.0,10000.0,4993922.0
🇲🇺,U+1F1F2  U+1F1FA,Mauritius,4.0,0.307224853261729,0.001603180710529,3.0,0.02,0.21,0.0,106000,8.3,4845.0,11000.0,1301978.0000000016
🇲🇽,U+1F1F2  U+1F1FD,Mexico,22119.0,17.095032125235704,8.865188534051558,20509.0,2.78,16.41,0.0,16809000,12.9,895285.0,591000.0,129388467.0
🇫🇲,U+1F1EB  U+1F1F2,Micronesia,2.0,1.71969045571797,0.000801590355264,1.0,0.13,1.22,1.0,700,0.7000000000000001,,200.0,116300.00000000004
🇲🇩,U+1F1F2  U+1F1E9,Moldova,23.0,0.6907186927998581,0.009218289085545,12.0,0.03,0.31,0.0,121000,3.0,98600.0,21000.0,3329865.000000001
🇲🇨,U+1F1F2  U+1F1E8,Monaco,1.0,2.765716182205382,0.000400795177632,0.0,0.01,0.09,,7000,19.6,,1000.0,36157.0
🇲🇳,U+1F1F2  U+1F1F3,Mongolia,31.0,0.887329478888571,0.012424650506605,8.0,0.03,0.23,0.0,242000,7.9,323400.0,7000.0,3493629.0000000005
🇲🇪,U+1F1F2  U+1F1EA,Montenegro,28.0,4.472114767242398,0.011222264973707,7.0,0.1,1.07,2.0,245000,39.1,5396.0,8000.0,626102.0
🇲🇦,U+1F1F2  U+1F1E6,Morocco,659.0,1.724613551133967,0.264124022059766,171.0,0.07,0.48,0.0,1690000,4.8,588020.0,91000.0,38211459.00000001
🇲🇿,U+1F1F2  U+1F1FF,Mozambique,991.0,2.842930091861354,0.39718802103373,595.0,0.22,2.01,1.0,1337000,4.5,60000.0,24000.0,34858401.99999999
🇲🇲,U+1F1F2  U+1F1F2,Myanmar,365.0,0.6640626435580621,0.146290239835834,211.0,0.05,0.39,0.0,877000,1.6,788900.0,76600.0,54964694.00000007
🇳🇦,U+1F1F3  U+1F1E6,Namibia,106.0,4.006342115159658,0.042484288829036,81.0,0.42,3.36,1.0,396000,15.4,11880.0,15000.0,2645805.0000000005
🇳🇵,U+1F1F3  U+1F1F5,Nepal,192.0,0.614590473879664,0.076952674105425,30.0,0.02,0.1,0.0,444000,1.5,183540.0,62000.0,31240315.00000004
🇳🇱,U+1F1F3  U+1F1F1,Netherlands,85.0,0.481010688340442,0.034067590098755,38.0,0.02,0.22,0.0,442000,2.6,108676.0,96000.0,17671125.00000001
🇳🇿,U+1F1F3  U+1F1FF,New Zealand,49.0,0.929802033761681,0.019638963703988,7.0,0.02,0.15,0.0,1212000,26.3,38280.0,13000.0,5269939.000000001
🇳🇮,U+1F1F3  U+1F1EE,Nicaragua,225.0,3.150144717648329,0.090178914967295,187.0,0.64,2.87,0.0,323000,5.2,261800.0,8590.0,7142529.0
🇳🇪,U+1F1F3  U+1F1EA,Niger,778.0,2.7550577974297363,0.311818648198024,528.0,0.26,2.27,1.0,117000,0.5,11110.0,10000.0,28238972.0
🇳🇬,U+1F1F3  U+1F1EC,Nigeria,5103.0,2.226904049547118,2.045257791458253,3482.0,0.22,1.62,0.0,6154000,3.2,224200.0,362400.0,229152217.00000003
🇲🇰,U+1F1F2  U+1F1F0,North Macedonia,45.0,2.160650615113222,0.018035782993459,24.0,0.1,1.13,,621000,29.8,29530.0,21000.0,2082706.0000000007
🇲🇵,U+1F1F2  U+1F1F5,Northern Mariana Islands,1.0,1.999000499750125,0.000400795177632,0.0,0.12,1.02,,1000,2.6,,80.0,50025.0
🇳🇴,U+1F1F3  U+1F1F4,Norway,77.0,1.396324619723683,0.030861228677696,4.0,0.01,0.07,1.0,1537000,28.8,188646.0,13000.0,5514477.000000003
🇴🇲,U+1F1F4  U+1F1F2,Oman,4.0,0.08486167440994,0.001603180710529,1.0,0.01,0.03,0.0,792000,16.7,118360.0,31000.0,4713553.000000048
🇵🇰,U+1F1F5  U+1F1F0,Pakistan,2948.0,1.202235726167812,1.181544183660382,1721.0,0.11,0.77,0.0,43917000,22.3,2315480.0,944000.0,245209815.0000001
🇵🇼,U+1F1F5  U+1F1FC,Palau,0.0,,,0.0,0.07,0.86,,100,0.5,,30.0,
🇵🇸,U+1F1F5  U+1F1F8,Palestine,265.0,4.822598441518169,0.106210722072592,231.0,1.39,4.67,0.0,56000,1.1,44410.0,33000.0,5494963.0
🇵🇦,U+1F1F5  U+1F1E6,Panama,459.0,10.1370131058991,0.183964986533282,449.0,2.26,10.8,0.0,436000,10.8,,30000.0,4527961.000000001
🇵🇬,U+1F1F5  U+1F1EC,Papua New Guinea,141.0,1.34084102874649,0.056512120046171,97.0,0.14,0.98,1.0,79000,1.0,7200.0,4800.0,10515788.000000004
🇵🇾,U+1F1F5  U+1F1FE,Paraguay,624.0,8.981945426045051,0.250096190842631,513.0,1.5,7.4,1.0,1140000,16.7,235780.0,21000.0,6947269.999999999
🇵🇪,U+1F1F5  U+1F1EA,Peru,879.0,2.534350394960777,0.352298961138899,511.0,0.33,1.5,0.0,633000,2.0,473400.0,142000.0,34683444.0
🇵🇭,U+1F1F5  U+1F1ED,Philippines,9268.0,7.781289414397017,3.714569706297293,9028.0,1.41,8.05,0.0,3776000,3.6,454700.0,139043.0,119106224.0
🇵🇱,U+1F1F5  U+1F1F1,Poland,111.0,0.275970255478345,0.044488264717198,35.0,0.01,0.09,0.0,968000,2.5,307200.0,188000.0,40221726.00000003
🇵🇹,U+1F1F5  U+1F1F9,Portugal,211.0,2.063902934351551,0.084567782480441,47.0,0.04,0.44,1.0,2186000,21.3,333640.0,89000.0,10223349.000000004
🇶🇦,U+1F1F6  U+1F1E6,Qatar,7.0,0.255748775785413,0.002805566243426,4.0,0.09,0.14,0.0,390000,16.7,30680.0,5000.0,2737061.0000000065
🇷🇴,U+1F1F7  U+1F1F4,Romania,31.0,0.15801012447324,0.012424650506605,13.0,0.0,0.07,0.0,506000,2.6,240180.0,251000.0,19618996.00000001
🇷🇺,U+1F1F7  U+1F1FA,Russia,2480.0,1.7227357051333332,0.993972040528408,1145.0,0.06,0.78,1.0,17620000,12.3,30272900.0,2432000.0,143957079.00000003
🇷🇼,U+1F1F7  U+1F1FC,Rwanda,251.0,1.7412526335578922,0.100599589585738,134.0,0.2,1.06,1.0,66000,0.5,66500.0,14000.0,14414910.000000004
🇰🇳,U+1F1F0  U+1F1F3,Saint Kitts and Nevis,9.0,18.809956737099505,0.003607156598691,7.0,1.43,12.08,,2000,3.4,,450.0,47847.0
🇱🇨,U+1F1F1  U+1F1E8,Saint Lucia,20.0,11.061640994441523,0.008015903552648,17.0,1.24,9.96,0.0,6000,3.4,,831.0,180805.0
🇻🇨,U+1F1FB  U+1F1E8,Saint Vincent and the Grenadines,13.0,12.538217451269734,0.005210337309221,11.0,1.04,9.43,0.0,4000,3.4,,854.0,103683.0
🇼🇸,U+1F1FC  U+1F1F8,Samoa,3.0,1.3102382013049971,0.001202385532897,2.0,0.13,0.86,0.0,20000,10.1,,500.0,228966.0
🇸🇲,U+1F1F8  U+1F1F2,San Marino,1.0,2.97495091330993,0.000400795177632,0.0,0.01,0.08,,5000,14.4,,160.0,33614.00000000001
🇸🇦,U+1F1F8  U+1F1E6,Saudi Arabia,534.0,1.424990691528502,0.214024624855713,80.0,0.06,0.22,0.0,5468000,16.7,481350.0,214000.0,37473929.00000001
🇸🇳,U+1F1F8  U+1F1F3,Senegal,241.0,1.322608533064143,0.096591637809413,63.0,0.07,0.42,1.0,323000,2.0,16320.0,6000.0,18221567.0
🇷🇸,U+1F1F7  U+1F1F8,Serbia,300.0,4.227121550034747,0.120238553289726,79.0,0.07,0.9,2.0,2719000,39.1,384422.0,53100.0,7097028.0
🇸🇨,U+1F1F8  U+1F1E8,Seychelles,2.0,1.847353204695972,0.000801590355264,2.0,0.24,1.89,0.0,4000,4.1,798.0,200.0,108262.99999999996
🇸🇱,U+1F1F8  U+1F1F1,Sierra Leone,157.0,1.748724544919498,0.06292484288829,43.0,0.06,0.52,1.0,35000,0.5,10200.0,12000.0,8977972.000000002
🇸🇬,U+1F1F8  U+1F1EC,Singapore,3.0,0.049564583395633,0.001202385532897,1.0,0.0,0.01,0.0,20000,0.3,574140.0,9000.0,6052709.000000032
🇸🇰,U+1F1F8  U+1F1F0,Slovakia,75.0,1.31513605871609,0.030059638322431,15.0,0.03,0.28,0.0,355000,6.5,33150.0,43000.0,5702832.000000002
🇸🇮,U+1F1F8  U+1F1EE,Slovenia,36.0,1.6989426441682611,0.014428626394767,4.0,0.02,0.2,1.0,324000,15.6,131686.0,13000.0,2118965.0000000005
🇸🇧,U+1F1F8  U+1F1E7,Solomon Islands,28.0,3.700409556043364,0.011222264973707,12.0,0.19,1.77,1.0,1000,0.2,,70.0,756673.0
🇸🇴,U+1F1F8  U+1F1F4,Somalia,1313.0,7.018792295172878,0.526244068231371,783.0,0.42,3.85,1.0,1145000,12.4,37620.0,8000.0,18706922.0
🇿🇦,U+1F1FF  U+1F1E6,South Africa,3610.0,5.916071657623134,1.446870591253046,2937.0,0.56,5.28,0.0,5351000,9.7,350636.0,250481.0,61020221.0
🇸🇸,U+1F1F8  U+1F1F8,South Sudan,295.0,2.615922615511162,0.118234577401564,202.0,0.28,2.18,1.0,1255000,9.6,351500.0,,11277092.0
🇪🇸,U+1F1EA  U+1F1F8,Spain,303.0,0.638252521050063,0.121440938822624,70.0,0.02,0.15,0.0,3464000,7.5,333660.0,264196.0,47473373.00000001
🇱🇰,U+1F1F1  U+1F1F0,Sri Lanka,311.0,1.416903743669264,0.124647300243683,223.0,0.16,1.02,0.0,494000,2.4,509700.0,134000.0,21949268.00000001
🇸🇩,U+1F1F8  U+1F1E9,Sudan,451.0,0.9137281022325192,0.180758625112222,207.0,0.1,0.51,0.0,2768000,6.6,590170.0,129000.0,49358228.000000015
🇸🇷,U+1F1F8  U+1F1F7,Suriname,27.0,4.293995562871252,0.010821469796075,17.0,0.39,2.94,1.0,88000,15.9,5985.0,2000.0,628785.0
🇸🇪,U+1F1F8  U+1F1EA,Sweden,151.0,1.414696296090875,0.060520071822495,24.0,0.03,0.24,1.0,2296000,23.1,139180.0,38000.0,10673669.000000004
🇨🇭,U+1F1E8  U+1F1ED,Switzerland,239.0,2.700128374722686,0.095790047454149,18.0,0.03,0.21,2.0,2332000,27.6,324484.0,34000.0,8851431.0
🇸🇾,U+1F1F8  U+1F1FE,Syria,180.0,0.739278824471098,0.072143131973836,146.0,0.17,1.0,0.0,1547000,8.2,655500.0,124000.0,24348053.00000001
🇹🇼,U+1F1F9  U+1F1FC,Taiwan,51.0,0.212941729873478,0.020440554059253,30.0,0.02,0.13,0.0,10000,0.0,2022150.0,76000.0,23950214.00000004
🇹🇯,U+1F1F9  U+1F1EF,Tajikistan,40.0,0.387164977675583,0.016031807105296,17.0,0.03,0.18,0.0,37000,0.4,56490.0,9000.0,10331513.00000001
🇹🇿,U+1F1F9  U+1F1FF,Tanzania,1685.0,2.427286806321945,0.675339874310632,1159.0,0.33,2.04,0.0,427000,0.8,190050.0,37000.0,69419073.00000003
🇹🇭,U+1F1F9  U+1F1ED,Thailand,2804.0,3.900631333318003,1.123829678081313,2351.0,0.47,3.35,0.0,10342000,15.1,1052815.0,230000.0,71885799.00000001
🇹🇱,U+1F1F9  U+1F1F1,Timor-Leste,13.0,0.942108859954068,0.005210337309221,11.0,0.14,0.8300000000000001,0.0,3000,0.3,2527.0,4000.0,1379883.0000000007
🇹🇬,U+1F1F9  U+1F1EC,Togo,268.0,2.89389845267137,0.107413107605489,176.0,0.33,2.22,1.0,58000,0.8,12850.0,5000.0,9260864.000000002
🇹🇴,U+1F1F9  U+1F1F4,Tonga,0.0,,,0.0,0.03,0.2,0.0,9000,8.0,,200.0,
🇹🇹,U+1F1F9  U+1F1F9,Trinidad and Tobago,222.0,14.432453517097908,0.088976529434397,217.0,1.84,15.62,0.0,43000,3.2,7695.0,9000.0,1538199.9999999998
🇹🇳,U+1F1F9  U+1F1F3,Tunisia,80.0,0.6367049753479771,0.032063614210593,24.0,0.04,0.21,0.0,123000,1.1,68020.0,73000.0,12564689.000000002
🇹🇷,U+1F1F9  U+1F1F7,Turkey,2232.0,2.587513575316938,0.894574836475567,967.0,0.21,1.19,0.0,13249000,16.5,1390180.0,620000.0,86260417.0
🇹🇲,U+1F1F9  U+1F1F2,Turkmenistan,57.0,0.863888854788013,0.022845325125048,33.0,0.1,0.64,0.0,23000,0.4,184700.0,27000.0,6598071.0
🇹🇻,U+1F1F9  U+1F1FB,Tuvalu,0.0,,,0.0,0.12,1.1,,100,1.2,,26.0,
🇺🇬,U+1F1FA  U+1F1EC,Uganda,1108.0,2.219362245026725,0.444081056816724,799.0,0.33,1.94,0.0,331000,0.8,116660.0,54000.0,49924252.000000015
🇺🇦,U+1F1FA  U+1F1E6,Ukraine,917.0,2.41711299128118,0.367529177888931,289.0,0.04,0.66,0.0,4396000,9.9,6600000.0,289000.0,37937821.00000001
🇦🇪,U+1F1E6  U+1F1EA,United Arab Emirates,89.0,0.927870766993614,0.035670770809285,38.0,0.13,0.41,0.0,1569000,16.7,163800.0,41000.0,9591853.000000002
🇬🇧,U+1F1EC  U+1F1E7,United Kingdom,161.0,0.236899045059949,0.06452802359882,27.0,0.0,0.04,0.0,3584000,5.1,539680.0,46000.0,67961439.0000001
🇺🇸,U+1F1FA  U+1F1F8,United States,37040.0,10.83628946958996,14.84545337950494,13001.0,0.44,3.96,6.0,393347000,120.5,4535380.0,1016000.0,341814420.0
🇺🇾,U+1F1FA  U+1F1FE,Uruguay,383.0,11.18798264606598,0.153504553033217,140.0,0.41,4.07,4.0,1198000,34.7,62130.0,30000.0,3423316.0
🇺🇿,U+1F1FA  U+1F1FF,Uzbekistan,58.0,0.162584287338686,0.02324612030268,29.0,0.01,0.09,0.0,127000,0.4,268400.0,150000.0,35673804.00000021
🇻🇺,U+1F1FB  U+1F1FA,Vanuatu,4.0,1.168480245380851,0.001603180710529,0.0,0.02,0.16,1.0,11000,3.9,,350.0,342325.0000000002
🇻🇪,U+1F1FB  U+1F1EA,Venezuela,10599.0,36.05674288307117,4.248028087726048,9338.0,4.99,33.27,3.0,5895000,18.5,353300.0,173000.0,29395334.0
🇻🇳,U+1F1FB  U+1F1F3,Vietnam,506.0,0.508554571322668,0.202802359882005,128.0,0.02,0.13,0.0,1562000,1.6,3829200.0,285000.0,99497680.0
🇻🇮,U+1F1FB  U+1F1EE,United States Virgin Islands,23.0,23.45622354800877,0.009218289085545,20.0,1.57,19.4,,18000,16.6,,300.0,98055.0
🇾🇪,U+1F1FE  U+1F1EA,Yemen,472.0,1.340153236868989,0.189175323842503,243.0,0.14,0.77,0.0,14859000,52.8,28500.0,,35219853.000000015
🇿🇲,U+1F1FF  U+1F1F2,Zambia,742.0,3.51081480002432,0.297390021803257,537.0,0.43,2.95,1.0,158000,0.9,41040.0,16000.0,21134695.000000004
🇿🇼,U+1F1FF  U+1F1FC,Zimbabwe,253.0,1.486458451635548,0.101401179941002,119.0,0.09,0.79,3.0,455000,2.8,91580.0,23000.0,17020321.0
